"","name","mean","lower","upper","d","criterion","ratingHR","ratingFAR","mratio","SUBJ","Cond","LearningTime"
"13","meta_d",1.86270818312163,0.714285069787305,2.91948394498266,2.03701543783304,-0.161253398695341,0.782051282051282,0.225752508361204,0.914430076731852,"Subject_11114.txt","A+V+",90
"131","meta_d",0.486560122284007,-0.439765431579071,1.41145995277856,0.671759493677215,0.436313467350077,0.515384615384615,0.364615384615385,0.724307027833093,"Subject_11114.txt","A+V+",30
"132","meta_d",0.996972545934116,0.0986147968921158,1.96993029590069,1.03634019101461,0.254023118681381,0.620192307692308,0.355384615384615,0.96201281642667,"Subject_11114.txt","A+V+",60
"133","meta_d",2.8867825498683,1.74193220689895,3.98346550552462,2.02535544506789,0.0144765503810565,0.851398601398601,0.178929765886288,1.4253214451311,"Subject_11114.txt","A-V+",90
"134","meta_d",0.584390130616909,-0.377437563175164,1.51830188597139,1.39050125830171,0.246825145844921,0.607988165680473,0.341715976331361,0.42027299661034,"Subject_11114.txt","A-V+",30
"135","meta_d",1.79576761246396,0.87380195763238,2.79504933129202,1.34897950039216,0,0.720414201183432,0.312130177514793,1.33120452307979,"Subject_11114.txt","A-V+",60
"136","meta_d",1.9314732905296,0.746112330115228,3.0739027115073,2.71980363628988,0.152487767922739,0.823426573426573,0.188963210702341,0.710151742117805,"Subject_11114.txt","A+V-",90
"137","meta_d",0.437862554816322,-0.613726830999906,1.37037176496391,1.23237451303568,0.0583024936782415,0.631656804733728,0.424556213017751,0.355299911013045,"Subject_11114.txt","A+V-",30
"138","meta_d",0.188080769785701,-0.796463806498923,1.29139509657243,1.88415154999155,2.22044604925031e-16,0.678994082840237,0.392011834319527,0.0998225274323313,"Subject_11114.txt","A+V-",60
"139","meta_d",1.62135057980645,0.631654165344788,2.57733594858085,1.28617823787879,0.29898665605638,0.664201183431953,0.264792899408284,1.26059556292947,"Subject_11114.txt","A-V-",90
"1310","meta_d",0.918894796077515,-0.0169908359546683,1.87648367622986,0.64608709572484,0.165732863252249,0.600961538461538,0.405448717948718,1.42224601320448,"Subject_11114.txt","A-V-",30
"1311","meta_d",1.19833901078675,0.291712347292851,2.22016867041514,1.28617823787879,0.29898665605638,0.643491124260355,0.321005917159763,0.931705245427795,"Subject_11114.txt","A-V-",60
"1312","meta_d",1.9349623249551,0.977414064075858,2.94991275684215,1.93265131125918,0.291835905433507,0.696745562130178,0.174679487179487,1.00119577374483,"Subject_11115.txt","A+V+",90
"1313","meta_d",0.641596669064187,-0.189504380337013,1.51506639184365,0.116604987356483,0.61618725651784,0.460059171597633,0.356508875739645,5.50230898017001,"Subject_11115.txt","A+V+",30
"1314","meta_d",1.25838236191348,0.268647181949137,2.25276680424504,1.61656552519186,0.133793012399847,0.711538461538462,0.329881656804734,0.778429542325004,"Subject_11115.txt","A+V+",60
"1315","meta_d",1.38161381141208,0.336603265159902,2.37173841772741,1.55237038518211,0.165890582404722,0.738782051282051,0.306213017751479,0.890002685312761,"Subject_11115.txt","A-V+",90
"1316","meta_d",1.07597758306315,0.111439045759816,2.03519597248415,1.13469512289437,-0.0429470487391459,0.658653846153846,0.355384615384615,0.948252584640136,"Subject_11115.txt","A-V+",30
"1317","meta_d",1.02966006082093,0.113501325811288,1.94802806730525,0.772193214188685,0.386096607094342,0.607692307692308,0.383076923076923,1.3334228298066,"Subject_11115.txt","A-V+",60
"1318","meta_d",1.03766471171663,-0.0195763428124657,2.04652078980221,1.47558427947803,-0.0633023895429342,0.711538461538462,0.350591715976331,0.703222937617422,"Subject_11115.txt","A+V-",90
"1319","meta_d",-0.0958669571075089,-1.04301323562487,0.768673491031646,0.703005704050373,0.206381910814412,0.492603550295858,0.412721893491124,-0.136367253573009,"Subject_11115.txt","A+V-",30
"1320","meta_d",0.712003658082361,-0.205686890934356,1.6219226052837,0.929503898798856,0.307441264789257,0.59775641025641,0.373846153846154,0.766003950066742,"Subject_11115.txt","A+V-",60
"1321","meta_d",0.927526383361578,0.0528881338026068,1.84015162148477,1.65520731510832,0.727169937042692,0.632307692307692,0.306153846153846,0.560368707227999,"Subject_11115.txt","A-V-",90
"1322","meta_d",0.486496945696938,-0.499698317900005,1.37995586495252,0.610961576198795,0,0.610769230769231,0.46,0.796280755859909,"Subject_11115.txt","A-V-",30
"1323","meta_d",0.905644633292963,-0.0192088979386344,1.87806101048759,0.901987225722614,-0.106891149978291,0.667159763313609,0.421597633136095,1.00405483300212,"Subject_11115.txt","A-V-",60
"1324","meta_d",1.72723174421989,0.773181979544489,2.72301461829039,1.91854742810006,0.615171251167014,0.670118343195266,0.161242603550296,0.900280972428382,"Subject_11116.txt","A+V+",90
"1325","meta_d",0.837352817537292,-0.0983419446154118,1.75517492535902,0.957688040732648,0.378410299854854,0.573846153846154,0.312709030100334,0.874348203092003,"Subject_11116.txt","A+V+",30
"1326","meta_d",1.97440030984315,1.00041531915405,2.99843423323779,1.97827242229957,0.314646460953702,0.75887573964497,0.187869822485207,0.998042679859069,"Subject_11116.txt","A+V+",60
"1327","meta_d",2.85169047122756,1.78202264116448,3.94435666064274,2.24893471541312,0.44997760751048,0.809171597633136,0.125739644970414,1.26801834294408,"Subject_11116.txt","A-V+",90
"1328","meta_d",1.2888112051255,0.376564189496703,2.1988051953903,0.967610268218755,0.431559953733437,0.575320512820513,0.269230769230769,1.3319527990314,"Subject_11116.txt","A-V+",30
"1329","meta_d",1.97485278645295,1.06737389511841,2.89717771642631,1.05661267040619,0.576529408759016,0.554733727810651,0.17603550295858,1.86904136375136,"Subject_11116.txt","A-V+",60
"1330","meta_d",1.79113737513348,0.831534784034253,2.78464681150775,2.02287044852298,0.563009740955554,0.690828402366864,0.140532544378698,0.885443443222624,"Subject_11116.txt","A+V-",90
"1331","meta_d",1.45325829119882,0.49367089586224,2.42768091947507,1.39050125830171,0.246825145844921,0.693786982248521,0.264792899408284,1.04513266890082,"Subject_11116.txt","A+V-",30
"1332","meta_d",1.09699159057961,0.274686676669284,2.02788838641859,0.893852701439854,0.495149424275849,0.584319526627219,0.312130177514793,1.22726215271546,"Subject_11116.txt","A+V-",60
"1333","meta_d",2.08328210059596,1.14268733915456,3.00074075993672,1.54718684991412,0.530189247146428,0.661242603550296,0.178994082840237,1.34649677297322,"Subject_11116.txt","A-V-",90
"1334","meta_d",1.0189032745052,0.0350944651314479,1.98647987165143,1.6478851349865,0.479840104610236,0.681952662721893,0.335798816568047,0.618309646026117,"Subject_11116.txt","A-V-",30
"1335","meta_d",0.918572887596966,0.0355971298736822,1.81204634388066,0.606107836395521,0.254830844641838,0.616863905325444,0.418639053254438,1.51552715942373,"Subject_11116.txt","A-V-",60
"1336","meta_d",0.892431287376375,-0.204986794371825,1.87156148666332,1.77101366817146,0.347987727882959,0.624125874125874,0.249163879598662,0.503909881338066,"Subject_11117.txt","A+V+",90
"1337","meta_d",-0.125969318486467,-0.949492808556838,0.757005639396618,0.557271881088499,0.775836511225803,0.45970695970696,0.389423076923077,-0.226046428612935,"Subject_11117.txt","A+V+",30
"1338","meta_d",0.644289952609978,-0.338212506358376,1.57192661475749,1.23237451303568,0.0583024936782415,0.587278106508876,0.362426035502959,0.522803697897738,"Subject_11117.txt","A+V+",60
"1339","meta_d",1.68640588877349,0.708578215404946,2.59767147499608,0.850794525552948,0.316196781085042,0.617056856187291,0.302884615384615,1.9821541372489,"Subject_11117.txt","A-V+",90
"1340","meta_d",0.11303411608946,-0.823201781744905,1.09028431361579,1.08711217748033,0.371808999102651,0.564685314685315,0.416923076923077,0.103976497026688,"Subject_11117.txt","A-V+",30
"1341","meta_d",0.875451101998973,-0.0560697138162161,1.84269521590584,1.35897929212155,0.121604883221176,0.607988165680473,0.326923076923077,0.644197529038339,"Subject_11117.txt","A-V+",60
"1342","meta_d",0.477692336561706,-0.509656286046567,1.43879354026724,1.55326122726805,0.328205130328088,0.578402366863905,0.279585798816568,0.307541531440848,"Subject_11117.txt","A+V-",90
"1343","meta_d",1.03793004823168,0.0501522877532818,1.96442590297749,0.976350503590213,0.15517015359781,0.617056856187291,0.349230769230769,1.06307114546982,"Subject_11117.txt","A+V-",30
"1344","meta_d",-0.233767951045394,-1.190036038602,0.74857179755952,1.41138913946828,0.0953999595478088,0.591346153846154,0.421597633136095,-0.165629693830195,"Subject_11117.txt","A+V-",60
"1345","meta_d",0.968356510757007,-0.00780022182792678,1.92037800638103,1.06524150610787,0.268473776228013,0.626602564102564,0.368343195266272,0.909048798046876,"Subject_11117.txt","A-V-",90
"1346","meta_d",0.25702836884403,-0.702655947619217,1.22139734831508,1.20417444291728,0.313277866384175,0.575174825174825,0.395384615384615,0.21344778603783,"Subject_11117.txt","A-V-",30
"1347","meta_d",0.826407545110257,-0.117315916510271,1.82139646957307,1.18465634363009,-0.17986504237364,0.66,0.404615384615385,0.697592639041575,"Subject_11117.txt","A-V-",60
"1348","meta_d",2.32576546568481,1.21929667274538,3.41199557401518,2.67928070917915,0.234804610627466,0.856508875739645,0.187869822485207,0.868055914304461,"Subject_11118.txt","A+V+",90
"1349","meta_d",1.1200016727401,0.151420461003961,2.14077754959711,1.00631024614553,0.054729639766832,0.643491124260355,0.356508875739645,1.11297850442251,"Subject_11118.txt","A+V+",30
"1350","meta_d",2.09036197819893,1.04704337901579,3.05304478875295,1.39050125830171,0.246825145844921,0.696745562130177,0.238165680473373,1.50331541645061,"Subject_11118.txt","A+V+",60
"1351","meta_d",3.07442650349672,1.98220462996883,4.05117260728713,1.97827242229957,0.314646460953702,0.788461538461538,0.128698224852071,1.55409662938281,"Subject_11118.txt","A-V+",90
"1352","meta_d",1.66817372625553,0.690127710018846,2.58949304035293,0.643345405392917,0.321672702696458,0.629230769230769,0.336923076923077,2.59296749813066,"Subject_11118.txt","A-V+",30
"1353","meta_d",2.45782244694427,1.48873197237246,3.39372032954148,1.34823992177274,0.43071578307574,0.732248520710059,0.223372781065089,1.82298595914041,"Subject_11118.txt","A-V+",60
"1354","meta_d",1.46845770729596,0.454601971390317,2.47370249272553,1.44503132185847,0.164630898089639,0.693786982248521,0.296474358974359,1.01621168003982,"Subject_11118.txt","A+V-",90
"1355","meta_d",1.26027517412624,0.224065242285795,2.15658564663899,1.14519699216497,0.228496033199467,0.637573964497041,0.341715976331361,1.10048767395357,"Subject_11118.txt","A+V-",30
"1356","meta_d",1.38248566324887,0.393255824705095,2.35054338916675,1.28478436038241,-0.0320975700048745,0.714497041420118,0.34775641025641,1.07604490362676,"Subject_11118.txt","A+V-",60
"1357","meta_d",1.71719894162088,0.723858821150499,2.72904459869675,1.90593027324406,0.15187060734008,0.735207100591716,0.220414201183432,0.900976791085885,"Subject_11118.txt","A-V-",90
"1358","meta_d",1.35621881073816,0.431762176385001,2.25882196578047,0.979885620303486,0.590376530663213,0.552307692307692,0.293846153846154,1.38405828459665,"Subject_11118.txt","A-V-",30
"1359","meta_d",0.851812490089329,-0.160805494021562,1.8458075494642,1.74317030427773,0.070490622856913,0.678994082840237,0.318047337278107,0.488657068101142,"Subject_11118.txt","A-V-",60
"1360","meta_d",3.50995397095047,2.38014638897224,4.61288614531757,1.99568442865777,-0.082477126486071,0.869230769230769,0.158461538461538,1.75877203857884,"Subject_11119.txt","A+V+",90
"1361","meta_d",1.93950264538982,0.959469782606307,2.90100230568685,0.946215470492724,0.327986794035588,0.655325443786982,0.279585798816568,2.04974734177603,"Subject_11119.txt","A+V+",30
"1362","meta_d",3.22394402635841,2.17141083554011,4.3365043174551,2.19691665338742,-0.183093238850893,0.844615384615385,0.143076923076923,1.46748581535281,"Subject_11119.txt","A+V+",60
"1363","meta_d",3.48673136698824,2.30928218806829,4.64179354984974,3.0888941389494,-0.0103265251221535,0.906153846153846,0.0817307692307692,1.12879600599526,"Subject_11119.txt","A-V+",90
"1364","meta_d",1.5700799987537,0.624516182393473,2.51836621302261,1.92478088968428,1.10751138605291,0.673076923076923,0.285502958579882,0.815718821382957,"Subject_11119.txt","A-V+",30
"1365","meta_d",2.78846863081688,1.75016896410394,3.76790005889632,2.13232972805664,-0.508280101188722,0.918639053254438,0.303254437869823,1.30770986969179,"Subject_11119.txt","A-V+",60
"1366","meta_d",2.54626523302722,1.51258070795482,3.49849378148939,1.69401469498601,0.434544218051598,0.730769230769231,0.167692307692308,1.50309512695712,"Subject_11119.txt","A+V-",90
"1367","meta_d",1.6781428725426,0.832631142230456,2.61345999292596,1.23034250233403,0.959273714050029,0.622781065088757,0.25887573964497,1.36396399324503,"Subject_11119.txt","A+V-",30
"1368","meta_d",2.91499660536168,1.80949095580533,3.96248456765539,1.93757366103613,-0.111532510296889,0.826153846153846,0.168896321070234,1.5044571796062,"Subject_11119.txt","A+V-",60
"1369","meta_d",2.18827913638441,1.08715270805239,3.19613999070894,2.24585844709926,0.180853448553856,0.747041420118343,0.146449704142012,0.974362003629739,"Subject_11119.txt","A-V-",90
"1370","meta_d",1.79313793233427,0.90137288103603,2.65543553553948,0.959680209220471,0.823942567493251,0.587278106508876,0.24112426035503,1.86847443044678,"Subject_11119.txt","A-V-",30
"1371","meta_d",2.15404717570763,1.20018864425565,3.1471878288472,1.86025438269625,0.624646403248728,0.733846153846154,0.198461538461538,1.15793151503589,"Subject_11119.txt","A-V-",60
"1372","meta_d",1.72888331097603,0.801500377204172,2.74648767726511,1.55326122726805,-0.328205130328088,0.803254437869823,0.347633136094675,1.11306667585908,"Subject_11120.txt","A+V+",90
"1373","meta_d",0.550777637123523,-0.399621992725632,1.41871132290103,0.519216351408498,0.114487234493475,0.557692307692308,0.418269230769231,1.06078638630969,"Subject_11120.txt","A+V+",30
"1374","meta_d",1.08713598984304,-0.0608922854545924,2.2517846433941,3.09705610381005,-0.521373778990026,0.773668639053254,0.235785953177258,0.351022375250362,"Subject_11120.txt","A+V+",60
"1375","meta_d",2.19641430906353,1.11088687279093,3.29256955410531,2.31381390278365,0.0765876105768677,0.801538461538462,0.178929765886288,0.949261436462597,"Subject_11120.txt","A-V+",90
"1376","meta_d",0.894441042210901,-0.0684135046279549,1.92816277838258,1.6021890585639,0,0.696745562130177,0.347633136094675,0.558261858942303,"Subject_11120.txt","A-V+",30
"1377","meta_d",2.30180614404105,1.2688445257289,3.28325476388264,1.8160463239027,-0.350138399111749,0.8125,0.252958579881657,1.2674820646064,"Subject_11120.txt","A-V+",60
"1378","meta_d",1.41445245606725,0.288136591104239,2.56098325591626,2.63509293541181,-0.237227126890948,0.795384615384615,0.204615384615385,0.536775169125561,"Subject_11120.txt","A+V-",90
"1379","meta_d",0.564867280025038,-0.373289233470196,1.46227785379223,0.896850966611869,2.77555756156289e-17,0.622781065088757,0.409763313609467,0.629834053877422,"Subject_11120.txt","A+V-",30
"1380","meta_d",1.71181431276653,0.768570289241266,2.62822328738343,0.587506640693647,-0.0503491425361922,0.640532544378698,0.365384615384615,2.91369355543872,"Subject_11120.txt","A+V-",60
"1381","meta_d",1.04338957203069,-0.00408515023485634,2.00155562657214,2.13232972805664,-0.508280101188722,0.797337278106509,0.309171597633136,0.489319057133631,"Subject_11120.txt","A-V-",90
"1382","meta_d",1.03129105380275,0.0779173795113792,1.984892277494,0.675543001789908,-0.237337780383484,0.61371237458194,0.407692307692308,1.52661052082585,"Subject_11120.txt","A-V-",30
"1383","meta_d",1.64026929553175,0.637336051146053,2.57278336061785,1.05580853483432,0.115441137975756,0.632307692307692,0.272307692307692,1.55356699762722,"Subject_11120.txt","A-V-",60
"1384","meta_d",1.72215266202462,0.778279921504698,2.7052629829241,2.09200530719214,-0.488117890756474,0.841346153846154,0.32396449704142,0.823206641065395,"Subject_11121.txt","A+V+",90
"1385","meta_d",1.59024063852092,0.604712091176622,2.51690403092352,0.509860889674863,0.355364165348901,0.58,0.338141025641026,3.11896964588715,"Subject_11121.txt","A+V+",30
"1386","meta_d",1.08735293120457,0.0693972339634026,2.06663386803628,1.49996053783537,-0.192095506078088,0.732248520710059,0.38905325443787,0.72492102543828,"Subject_11121.txt","A+V+",60
"1387","meta_d",1.69654138344304,0.721858973924637,2.68076293255924,1.47558427947803,-0.0633023895429342,0.770710059171598,0.309171597633136,1.14974211032065,"Subject_11121.txt","A-V+",90
"1388","meta_d",0.387135569181825,-0.589657706133746,1.39207150065192,2.24893471541312,0.44997760751048,0.634615384615385,0.276627218934911,0.172141755173497,"Subject_11121.txt","A-V+",30
"1389","meta_d",1.68535783455267,0.61778354225949,2.74387997454837,2.20967148792422,0,0.788461538461538,0.217455621301775,0.762718731613768,"Subject_11121.txt","A-V+",60
"1390","meta_d",2.0962772588958,1.09698507678455,3.11037738149108,1.90593027324406,-0.15187060734008,0.838757396449704,0.267751479289941,1.09987090730646,"Subject_11121.txt","A+V-",90
"1391","meta_d",1.2545655325333,0.373666882790681,2.18181177326338,0.819610691406856,0.264684404492654,0.569526627218935,0.32396449704142,1.53068468443212,"Subject_11121.txt","A+V-",30
"1392","meta_d",1.12635951495584,0.133286026070479,2.0287563595641,1.1157695256792,0,0.678994082840237,0.347633136094675,1.00949119780825,"Subject_11121.txt","A+V-",60
"1393","meta_d",2.33768634935705,1.3397074972714,3.31083614471224,1.72366474620787,-0.21848696771102,0.798461538461538,0.244615384615385,1.35623029623368,"Subject_11121.txt","A-V-",90
"1394","meta_d",0.911308172946285,-0.0966991415695872,1.85703689671993,1.49996053783537,-0.192095506078088,0.732248520710059,0.365384615384615,0.607554765581643,"Subject_11121.txt","A-V-",30
"1395","meta_d",2.19152820289648,1.2055759277875,3.20510044967886,1.59361215507678,-0.30802966642372,0.770710059171598,0.258012820512821,1.3751954614019,"Subject_11121.txt","A-V-",60
"1396","meta_d",2.19992111117409,1.21581299934809,3.24792534106002,1.41138913946828,-0.0953999595478086,0.752958579881657,0.238782051282051,1.55869210670197,"Subject_11122.txt","A+V+",90
"1397","meta_d",0.783651695086129,-0.206410101779435,1.76918507373024,1.80595207825264,0.37857552641828,0.669230769230769,0.235384615384615,0.433927181414667,"Subject_11122.txt","A+V+",30
"1398","meta_d",1.30348543276556,0.369005240997106,2.29564348502012,1.28617823787879,0.29898665605638,0.625739644970414,0.238165680473373,1.01345629585159,"Subject_11122.txt","A+V+",60
"1399","meta_d",2.10504539285405,1.12314306380587,3.11251632604669,1.77932549415819,0.215172996883014,0.723372781065089,0.193786982248521,1.18305807440249,"Subject_11122.txt","A-V+",90
"13100","meta_d",1.25738062556929,0.183598681124734,2.21666628193457,1.604719853523,0.277959414053458,0.690769230769231,0.229230769230769,0.783551485830278,"Subject_11122.txt","A-V+",30
"13101","meta_d",1.76392279733415,0.839845738448981,2.73158242309142,1.00631024614553,-0.054729639766832,0.699704142011834,0.321005917159763,1.7528618078674,"Subject_11122.txt","A-V+",60
"13102","meta_d",2.47248712424505,1.53214221325603,3.44006390113201,1.12291523350202,0.113032133445074,0.732248520710059,0.25887573964497,2.2018466314097,"Subject_11122.txt","A+V-",90
"13103","meta_d",1.29799601724925,0.307182896716098,2.28436878099553,1.49996053783537,-0.192095506078088,0.779585798816568,0.326923076923077,0.865353443979544,"Subject_11122.txt","A+V-",30
"13104","meta_d",1.69941136277887,0.719625708104425,2.68463908449112,1.49996053783537,-0.192095506078088,0.767751479289941,0.329881656804734,1.13297071483716,"Subject_11122.txt","A+V-",60
"13105","meta_d",2.59878365922303,1.63577055833978,3.55595187652395,1.18547995280641,0.349335798592572,0.658284023668639,0.178994082840237,2.19217849536037,"Subject_11122.txt","A-V-",90
"13106","meta_d",1.12651580884683,0.269162220462884,2.07915019566358,1.04449870709258,-0.278845175735659,0.68491124260355,0.412721893491124,1.07852293276892,"Subject_11122.txt","A-V-",30
"13107","meta_d",1.68611392156142,0.738301878700274,2.6467935698074,1.35897929212155,-0.121604883221176,0.744082840236686,0.31508875739645,1.24072083462668,"Subject_11122.txt","A-V-",60
"13108","meta_d",1.92081610810246,0.913600967881804,2.89726801361337,1.97827242229957,0.314646460953702,0.747041420118343,0.214497041420118,0.970956318477955,"Subject_11123.txt","A+V+",90
"13109","meta_d",0.71283151010292,-0.181153152572622,1.56613508842292,1.44890361331426,0.579330865446356,0.542899408284024,0.267751479289941,0.491979938177095,"Subject_11123.txt","A+V+",30
"13110","meta_d",1.58794272223566,0.654284468004538,2.50837701323505,0.946215470492724,0.327986794035588,0.631656804733728,0.291420118343195,1.67820414245475,"Subject_11123.txt","A+V+",60
"13111","meta_d",1.76776769048086,0.825348333737087,2.69599420397881,1.91854742810006,0.615171251167014,0.649408284023669,0.18491124260355,0.921409429128101,"Subject_11123.txt","A-V+",90
"13112","meta_d",1.59656688703963,0.691283714249668,2.49024613270034,0.606107836395521,0.254830844641838,0.569526627218935,0.306213017751479,2.63413008571923,"Subject_11123.txt","A-V+",30
"13113","meta_d",2.15610556342147,1.17348632068109,3.07631481371821,1.14519699216497,0.228496033199467,0.661242603550296,0.229289940828402,1.88273771078058,"Subject_11123.txt","A-V+",60
"13114","meta_d",1.91475833873768,0.86336151828351,2.86162489037923,1.88415154999155,2.22044604925031e-16,0.779585798816568,0.247041420118343,1.0162443348818,"Subject_11123.txt","A+V-",90
"13115","meta_d",1.13221160297367,0.235919222327669,2.03230248408708,0.496648556861857,0.200101204875006,0.590236686390533,0.386094674556213,2.27970380127087,"Subject_11123.txt","A+V-",30
"13116","meta_d",1.40740237797792,0.380714386901963,2.38154235310119,1.49996053783537,0.192095506078089,0.643491124260355,0.223372781065089,0.938292936698837,"Subject_11123.txt","A+V-",60
"13117","meta_d",0.986692745812438,0.0514321522838793,1.91947487155114,1.24952001258788,-0.176334522988008,0.720414201183432,0.383136094674556,0.789657417146041,"Subject_11123.txt","A-V-",90
"13118","meta_d",1.13178592942196,0.263676682554721,2.04160640886431,0.291627251366553,0.0975905521273544,0.557692307692308,0.392011834319527,3.88093336311491,"Subject_11123.txt","A-V-",30
"13119","meta_d",1.15275112729243,0.17004379949442,2.17916064345694,1.28987094039662,0.15615905908364,0.665064102564103,0.279585798816568,0.893694935818903,"Subject_11123.txt","A-V-",60
"13120","meta_d",2.87343955341891,1.87190748069122,4.00511354415569,2.13880588576578,-0.212148622661711,0.878461538461538,0.212374581939799,1.34347842061885,"Subject_11124.txt","A+V+",90
"13121","meta_d",0.733936748281376,-0.252887331870539,1.6625193910465,1.28478436038241,0.0320975700048746,0.626602564102564,0.32396449704142,0.571252866171971,"Subject_11124.txt","A+V+",30
"13122","meta_d",2.01878271097713,0.905909693341946,3.05900234472397,1.44675524301681,-0.456383496103454,0.818681318681319,0.325910931174089,1.39538648345763,"Subject_11124.txt","A+V+",60
"13123","meta_d",2.18330800920278,1.21460073326356,3.23961442125305,1.60758997216642,0.429699575885484,0.697115384615385,0.18561872909699,1.35812492426817,"Subject_11124.txt","A-V+",90
"13124","meta_d",2.0112099064503,1.00130769003106,2.95271659035252,1.47893115415983,0.365370166882193,0.668269230769231,0.196745562130177,1.35990772849251,"Subject_11124.txt","A-V+",30
"13125","meta_d",2.34326124928154,1.25720954296793,3.33983867877036,1.93265131125918,0.291835905433507,0.776627218934911,0.184294871794872,1.21245940001191,"Subject_11124.txt","A-V+",60
"13126","meta_d",1.68254758330551,0.546540338569222,2.82049756307033,2.60924604636691,-0.2501505714134,0.823076923076923,0.1875,0.644840522283544,"Subject_11124.txt","A+V-",90
"13127","meta_d",1.50289121613371,0.514244729599124,2.46904815271377,1.86166743494309,0.372948954631944,0.738165680473373,0.261834319526627,0.807282325470583,"Subject_11124.txt","A+V-",30
"13128","meta_d",2.26889366709641,1.20170432079908,3.34788137844922,2.51652074021282,-0.316184595110633,0.835798816568047,0.181952662721894,0.901599430849329,"Subject_11124.txt","A+V-",60
"13129","meta_d",3.10275461766916,2.02028707913884,4.12843094348091,2.24585844709926,0.180853448553855,0.832840236686391,0.137573964497041,1.38154504869916,"Subject_11124.txt","A-V-",90
"13130","meta_d",1.32417043841252,0.283314474895773,2.33084296945101,1.88415154999155,2.22044604925031e-16,0.732248520710059,0.267751479289941,0.702794018038761,"Subject_11124.txt","A-V-",30
"13131","meta_d",1.67463933513346,0.64476063807883,2.76539301207529,2.20967148792422,0,0.794378698224852,0.244082840236686,0.757868010826634,"Subject_11124.txt","A-V-",60
"13132","meta_d",1.81291477739769,0.681291306195975,2.88128995080901,2.19092923112236,0.208318056542305,0.780448717948718,0.178994082840237,0.827463868592862,"Subject_11125.txt","A+V+",90
"13133","meta_d",1.09703923304125,0.14247306291431,2.00055145252316,0.610129943215539,0.252819791231829,0.594551282051282,0.353550295857988,1.7980419503091,"Subject_11125.txt","A+V+",30
"13134","meta_d",0.900116120511527,-0.131359537227954,1.85371858043916,1.47558427947803,0.0633023895429342,0.67603550295858,0.267751479289941,0.610006580464473,"Subject_11125.txt","A+V+",60
"13135","meta_d",2.99741091346619,1.98541099148207,4.0167847309351,1.66272050680171,0.273475490561256,0.717455621301775,0.125739644970414,1.80271482862252,"Subject_11125.txt","A-V+",90
"13136","meta_d",0.500659695447472,-0.322724488919615,1.33425261540505,0.330387287313066,0.509296106539549,0.477810650887574,0.374260355029586,1.51537215465879,"Subject_11125.txt","A-V+",30
"13137","meta_d",1.35722919628546,0.36879099471825,2.35843330499003,1.13574107062639,0.223768072430179,0.643491124260355,0.272893772893773,1.19501639184089,"Subject_11125.txt","A-V+",60
"13138","meta_d",1.85784601599807,0.807257510139303,2.85080039664863,1.61656552519186,-0.133793012399847,0.776627218934911,0.261834319526627,1.1492550020684,"Subject_11125.txt","A+V-",90
"13139","meta_d",1.1851949386209,0.197487179110801,2.1599498026291,1.66272050680171,0.273475490561256,0.634615384615385,0.208579881656805,0.712804667875695,"Subject_11125.txt","A+V-",30
"13140","meta_d",2.86310243090336,1.8402988589889,3.89692370304021,1.77932549415819,-0.215172996883014,0.832840236686391,0.223372781065089,1.60909425526885,"Subject_11125.txt","A+V-",60
"13141","meta_d",0.849727726853714,-0.141059264899617,1.85118925751384,1.77932549415819,0.215172996883014,0.670118343195266,0.25,0.477556090576741,"Subject_11125.txt","A-V-",90
"13142","meta_d",0.871020624974292,-0.00866485241435008,1.82675719295104,0.691829661116566,0.102510652747652,0.60207100591716,0.392011834319527,1.25901023608691,"Subject_11125.txt","A-V-",30
"13143","meta_d",1.38481643180164,0.38011935850722,2.26696560105256,1.21403622565354,0.497817631135339,0.58695652173913,0.211538461538462,1.14067142523376,"Subject_11125.txt","A-V-",60
"13144","meta_d",2.53503901082285,1.51262394613064,3.55488523965795,1.28669081078583,0,0.770769230769231,0.256923076923077,1.97020060264097,"Subject_11126.txt","A+V+",90
"13145","meta_d",1.23213682416385,0.344775973196187,2.07807059817206,-0.118944892684876,0.583872959050479,0.5,0.367692307692308,-10.3588880224406,"Subject_11126.txt","A+V+",30
"13146","meta_d",1.14928611567739,0.175330417784353,2.21105971160191,1.23037045497619,0.126408816373424,0.674679487179487,0.334935897435897,0.934097621597742,"Subject_11126.txt","A+V+",60
"13147","meta_d",2.27889275689678,1.22408569856452,3.29939291039415,1.94161901078893,0.0836629463755885,0.751602564102564,0.171474358974359,1.17370748032118,"Subject_11126.txt","A-V+",90
"13148","meta_d",0.487421655628498,-0.408961468923242,1.44566936196006,0.62626667664016,0.361356411876002,0.539940828402367,0.403846153846154,0.778297287416684,"Subject_11126.txt","A-V+",30
"13149","meta_d",1.41540277333327,0.392557907259133,2.35818030900315,1.00631024614553,0.054729639766832,0.68491124260355,0.353550295857988,1.40652724023697,"Subject_11126.txt","A-V+",60
"13150","meta_d",2.47635103452662,1.27477151290334,3.58457411365206,2.5397131266077,-0.0116950022407522,0.832307692307692,0.123397435897436,0.975051476713155,"Subject_11126.txt","A+V-",90
"13151","meta_d",0.547478762740979,-0.325486584541485,1.42748724244664,1.05661267040619,0.576529408759016,0.581360946745562,0.326923076923077,0.518145180419343,"Subject_11126.txt","A+V-",30
"13152","meta_d",1.51057260434137,0.44707828195242,2.55380445865469,0.614356608583255,0.105284825149777,0.561538461538462,0.281538461538462,2.45878791444083,"Subject_11126.txt","A+V-",60
"13153","meta_d",2.82558334829123,1.66482292723433,4.0176695200459,1.82467588632288,0.0550836229402615,0.807692307692308,0.173992673992674,1.54853986369349,"Subject_11126.txt","A-V-",90
"13154","meta_d",0.402120850219462,-0.487174391784258,1.29179325989765,0.205021305495304,0.345914830558283,0.486686390532544,0.421597633136095,1.96136128022399,"Subject_11126.txt","A-V-",30
"13155","meta_d",1.60815361866695,0.437189380346535,2.67307883608152,1.99568442865777,-0.082477126486071,0.807692307692308,0.241538461538462,0.805815586659933,"Subject_11126.txt","A-V-",60
"13156","meta_d",3.83132545261736,2.66273980015947,5.11072035927084,3.53552599124413,-0.212989401025213,0.935897435897436,0.0723076923076923,1.08366490929661,"Subject_11127.txt","A+V+",90
"13157","meta_d",0.884843701237518,-0.0411204962997982,1.79067672300708,0.585738042711482,0.705332150797146,0.530769230769231,0.365384615384615,1.51064748525027,"Subject_11127.txt","A+V+",30
"13158","meta_d",2.5724110975578,1.55431972770883,3.64463287506593,1.55871049323573,0.136009841224949,0.78,0.204615384615385,1.65034565990361,"Subject_11127.txt","A+V+",60
"13159","meta_d",2.97791294814885,1.86493245787578,4.14615405104161,3.27724776164624,-0.380462319760023,0.908026755852843,0.136217948717949,0.908662745307048,"Subject_11127.txt","A-V+",90
"13160","meta_d",1.72593621358983,0.764368132286485,2.74206392207409,0.752545887084348,0.267072461850743,0.623745819397993,0.318461538461538,2.29346308738298,"Subject_11127.txt","A-V+",30
"13161","meta_d",2.09977297880018,1.02534435943478,3.19890565291065,2.32696680878554,0.391290190204084,0.74,0.14,0.90236481709684,"Subject_11127.txt","A-V+",60
"13162","meta_d",3.33007200193187,2.13057637095871,4.49666610823346,2.32696680878554,-0.391290190204085,0.884615384615385,0.164615384615385,1.43107842765916,"Subject_11127.txt","A+V-",90
"13163","meta_d",0.582214761183371,-0.34145082665235,1.53708155397781,0.509860889674863,0.355364165348901,0.564615384615385,0.431089743589744,1.14190904416036,"Subject_11127.txt","A+V-",30
"13164","meta_d",1.49917813890136,0.54487057813422,2.45312917135117,1.13508800366139,0.347821086012117,0.607023411371237,0.263076923076923,1.32075938963811,"Subject_11127.txt","A+V-",60
"13165","meta_d",2.69086290175646,1.55749827871266,3.89254031719182,3.14888993043409,0,0.892011834319527,0.11094674556213,0.854543334700022,"Subject_11127.txt","A-V-",90
"13166","meta_d",0.66069204799129,-0.217918879322481,1.56619058670507,0.392325536438938,0.147939694663547,0.54585798816568,0.424556213017751,1.68404038643077,"Subject_11127.txt","A-V-",30
"13167","meta_d",1.18130746187826,0.0534703322177942,2.24676900984017,2.16103699232467,-0.223264175941154,0.773668639053254,0.265886287625418,0.546639167248823,"Subject_11127.txt","A-V-",60
"13168","meta_d",1.98853365377671,0.946224391139609,2.99786613913237,1.6021890585639,0,0.735207100591716,0.217455621301775,1.24113545973102,"Subject_11129.txt","A+V+",90
"13169","meta_d",1.03878259493913,0.0722669162826342,1.97097910184141,1.49996053783537,0.192095506078089,0.681952662721893,0.300295857988166,0.692539949376413,"Subject_11129.txt","A+V+",30
"13170","meta_d",1.33046883246463,0.416995923489127,2.33039513048106,1.22084587594221,0.304942149871708,0.616923076923077,0.241538461538462,1.0897926254924,"Subject_11129.txt","A+V+",60
"13171","meta_d",1.66088263270786,0.622391854364065,2.67392528769397,1.90593027324406,0.15187060734008,0.75,0.217455621301775,0.871428853418072,"Subject_11129.txt","A-V+",90
"13172","meta_d",0.792783296116061,-0.101922793625188,1.71936499041785,0.688204925766031,8.32667268468867e-17,0.605029585798817,0.39792899408284,1.15195818343442,"Subject_11129.txt","A-V+",30
"13173","meta_d",0.634987784792649,-0.400538015716787,1.70919661736785,1.88415154999155,2.22044604925031e-16,0.711538461538462,0.32396449704142,0.33701523892571,"Subject_11129.txt","A-V+",60
"13174","meta_d",1.24338552613671,0.239608327609278,2.15452242908228,1.23237451303568,0.0583024936782415,0.690828402366864,0.321005917159763,1.00893479456493,"Subject_11129.txt","A+V-",90
"13175","meta_d",0.781561253374879,-0.166464244999861,1.69224310021596,0.819610691406856,-0.264684404492654,0.678994082840237,0.439349112426035,0.953576205836621,"Subject_11129.txt","A+V-",30
"13176","meta_d",0.504111227802221,-0.504803129760309,1.4696406197568,1.35897929212155,0.121604883221176,0.61094674556213,0.300295857988166,0.370948424839672,"Subject_11129.txt","A+V-",60
"13177","meta_d",1.14562499142532,0.193632667526919,2.14878062741321,1.61656552519186,0.133793012399847,0.673076923076923,0.267751479289941,0.708678351463269,"Subject_11129.txt","A-V-",90
"13178","meta_d",1.13742662196353,0.199954780844398,2.02399872666004,-0.098283236599857,0.194262559510703,0.501479289940828,0.421597633136095,-11.5729463264866,"Subject_11129.txt","A-V-",30
"13179","meta_d",1.2218012932526,0.269116986648546,2.12427925320632,0.79252794618895,-0.0521615102114594,0.640532544378698,0.374260355029586,1.54165073815745,"Subject_11129.txt","A-V-",60
"13180","meta_d",2.90211066642023,1.83160155480986,4.01037101642511,2.51652074021282,0.316184595110634,0.826923076923077,0.122781065088757,1.1532234247252,"Subject_11130.txt","A+V+",90
"13181","meta_d",0.630040569781283,-0.265504086321166,1.44515168750323,1.05661267040619,0.576529408759016,0.534023668639053,0.297337278106509,0.596283375571371,"Subject_11130.txt","A+V+",30
"13182","meta_d",3.34569691476399,2.23589246024911,4.35389450231994,1.83073017568563,1.11022302462516e-16,0.844615384615385,0.18,1.82752049384393,"Subject_11130.txt","A+V+",60
"13183","meta_d",5.23755115347446,3.76817202565017,6.55694869077073,2.87822763732053,0.135331146556778,0.921597633136095,0.0428994082840237,1.81971400926104,"Subject_11130.txt","A-V+",90
"13184","meta_d",0.699004287995165,-0.175745068871349,1.6140122359299,0.593546424516709,0.15165227104758,0.596153846153846,0.430473372781065,1.17767416182201,"Subject_11130.txt","A-V+",30
"13185","meta_d",3.09576952471918,2.02771856018951,4.19647788764757,2.58533423764809,-0.0111155532794432,0.883136094674556,0.127692307692308,1.19743493109635,"Subject_11130.txt","A-V+",60
"13186","meta_d",0.757200679546048,-0.233695056231258,1.80093629947031,1.72366474620787,0.21848696771102,0.684615384615385,0.3,0.439296957956539,"Subject_11130.txt","A+V-",90
"13187","meta_d",1.2178086299876,0.258449112272472,2.25141348999292,1.49996053783537,0.192095506078089,0.729289940828402,0.303254437869822,0.81189377938239,"Subject_11130.txt","A+V-",30
"13188","meta_d",3.00043485630132,1.85607701861846,4.13650282230032,3.14888993043409,0,0.927514792899408,0.143491124260355,0.952854790922369,"Subject_11130.txt","A+V-",60
"13189","meta_d",2.4586211936172,1.46540978061023,3.53871113804196,2.24585844709926,-0.180853448553855,0.859467455621302,0.199704142011834,1.09473559956227,"Subject_11130.txt","A-V-",90
"13190","meta_d",1.31592556199601,0.342054709981371,2.22921322115464,1.55326122726805,0.328205130328088,0.687869822485207,0.294378698224852,0.847201706251643,"Subject_11130.txt","A-V-",30
"13191","meta_d",1.21802690695422,0.222251984253508,2.21190089835929,1.47558427947803,0.0633023895429342,0.714497041420118,0.303254437869822,0.825453973652447,"Subject_11130.txt","A-V-",60
"13192","meta_d",1.83850833967138,0.711613606816864,2.89176068422057,1.3465866643714,0.0358091712233234,0.723443223443223,0.27257525083612,1.36531007495876,"Subject_11132.txt","A+V+",90
"13193","meta_d",1.19128621593721,0.224174633585693,2.18628602593228,1.10740165384432,0.444500345230728,0.600334448160535,0.274475524475524,1.07574899477681,"Subject_11132.txt","A+V+",30
"13194","meta_d",1.6535188063186,0.65666060551436,2.53672769847445,1.53769311588386,0.720623484386009,0.625739644970414,0.197552447552448,1.07532432137355,"Subject_11132.txt","A+V+",60
"13195","meta_d",2.91074085768005,1.78917389923825,3.98224224571824,1.86845617124943,0.323933475438382,0.774038461538462,0.145833333333333,1.55783202328672,"Subject_11132.txt","A-V+",90
"13196","meta_d",1.10371449582384,0.207021827438498,2.01706747024506,1.12429408027726,0.671347521830062,0.570234113712375,0.27257525083612,0.981695550288461,"Subject_11132.txt","A-V+",30
"13197","meta_d",1.80134788932351,0.791938866205108,2.81480859682621,1.86166743494309,0.372948954631944,0.744082840236686,0.208579881656805,0.967599183136906,"Subject_11132.txt","A-V+",60
"13198","meta_d",2.99375954053331,1.79587788535842,4.1646711113511,2.17750365329101,0.0615975537305041,0.837792642140468,0.140384615384615,1.37485856154989,"Subject_11132.txt","A+V-",90
"13199","meta_d",0.659980385389264,-0.256653893938022,1.53114504271969,0.784765090385605,0.549693229802973,0.549679487179487,0.338757396449704,0.840991009252175,"Subject_11132.txt","A+V-",30
"13200","meta_d",1.27821520510266,0.226210613966819,2.21594076472002,1.11568945405924,0.183749316831896,0.690705128205128,0.334935897435897,1.14567292937304,"Subject_11132.txt","A+V-",60
"13201","meta_d",3.29097905818178,2.1949713248507,4.4080336168247,1.35244790880194,-0.0328785490080536,0.824414715719064,0.235384615384615,2.43334995511737,"Subject_11132.txt","A-V-",90
"13202","meta_d",0.778616361612949,-0.222267295591595,1.68972202764939,1.55326122726805,0.328205130328088,0.631656804733728,0.270710059171598,0.501278437872565,"Subject_11132.txt","A-V-",30
"13203","meta_d",1.69325044007391,0.725635028872369,2.66637349152251,1.34823992177274,0.43071578307574,0.652366863905326,0.226331360946746,1.25589697555279,"Subject_11132.txt","A-V-",60
"13204","meta_d",3.43221787788433,2.25072416425703,4.46831027149647,2.36187090635956,0.100616112364823,0.887692307692308,0.146153846153846,1.45317759266299,"Subject_11133.txt","A+V+",90
"13205","meta_d",0.842182310408466,-0.0796186078766302,1.76624202526973,1.14519699216497,0.228496033199467,0.60207100591716,0.326923076923077,0.735403879132045,"Subject_11133.txt","A+V+",30
"13206","meta_d",1.90245237010177,0.87684435353012,2.97733108483204,2.24585844709926,-0.180853448553855,0.82396449704142,0.217455621301775,0.847093623624842,"Subject_11133.txt","A+V+",60
"13207","meta_d",1.7387546376219,0.657388887930403,2.79133390336423,2.4086184160656,0.0994734640706881,0.797337278106509,0.199704142011834,0.72188879152643,"Subject_11133.txt","A-V+",90
"13208","meta_d",1.85893909608185,0.769757097000989,2.83355195549389,1.62874060288039,0.0727762575786797,0.738782051282051,0.248397435897436,1.1413352702047,"Subject_11133.txt","A-V+",30
"13209","meta_d",1.90292691175974,0.920061113487044,2.97540879540747,2.10487720138544,0.251344071410768,0.747041420118343,0.167159763313609,0.904056023081643,"Subject_11133.txt","A-V+",60
"13210","meta_d",2.56025522244029,1.50723577868708,3.49977975619017,1.86166743494309,-0.372948954631944,0.871301775147929,0.300295857988166,1.37524843287521,"Subject_11133.txt","A+V-",90
"13211","meta_d",0.94727211174734,0.0135508584081658,1.84938125253279,0.80128894065023,0.157240292514484,0.584319526627219,0.338757396449704,1.18218543111134,"Subject_11133.txt","A+V-",30
"13212","meta_d",1.30848054778556,0.360203984625236,2.33357215603747,1.74317030427773,-0.0704906228569128,0.747041420118343,0.300295857988166,0.750632651654606,"Subject_11133.txt","A+V-",60
"13213","meta_d",2.35729070712281,1.36902196700748,3.35472455985867,1.47558427947803,-0.0633023895429342,0.782544378698225,0.244082840236686,1.59753037485373,"Subject_11133.txt","A-V-",90
"13214","meta_d",0.863901842082572,-0.11893559558687,1.82527614589025,1.23237451303568,0.0583024936782415,0.664201183431953,0.341715976331361,0.701005930376263,"Subject_11133.txt","A-V-",30
"13215","meta_d",1.7612571556702,0.778272800297735,2.74067206267849,1.66272050680171,0.273475490561256,0.690828402366864,0.223372781065089,1.05926230443746,"Subject_11133.txt","A-V-",60
"13216","meta_d",2.18972137969788,1.07469263162639,3.13475403631904,2.37553949449899,0.386675217967546,0.770710059171598,0.137573964497041,0.921778562203907,"Subject_11134.txt","A+V+",90
"13217","meta_d",2.18065604769235,1.16613911902417,3.1573586482626,1.16326616131075,0.0928566695407061,0.700320512820513,0.267751479289941,1.8745976804098,"Subject_11134.txt","A+V+",30
"13218","meta_d",2.74213447862025,1.72789869613818,3.78594483415085,1.75220815540942,0.427678594398776,0.705621301775148,0.122781065088757,1.56495931727901,"Subject_11134.txt","A+V+",60
"13219","meta_d",3.50864942392703,2.40608584440308,4.6083038750158,2.870996360177,0.634403650806551,0.835798816568047,0.0695266272189349,1.22210166219462,"Subject_11134.txt","A-V+",90
"13220","meta_d",1.94442130566572,0.9358962882175,3.00311903652295,1.6875583020315,-0.0715859368270645,0.801538461538462,0.278461538461538,1.15220985451288,"Subject_11134.txt","A-V+",30
"13221","meta_d",2.92195469463675,1.87951278220309,3.90425028382447,2.04691151895789,0.0813799844831674,0.821005917159763,0.167159763313609,1.42749438242663,"Subject_11134.txt","A-V+",60
"13222","meta_d",2.60488222376847,1.58228857796051,3.67133803235073,1.90593027324406,0.15187060734008,0.794378698224852,0.17603550295858,1.36672482741707,"Subject_11134.txt","A+V-",90
"13223","meta_d",2.16781251274683,1.17225973054006,3.16551277665697,1.61656552519186,-0.133793012399847,0.818047337278107,0.279585798816568,1.34099885155571,"Subject_11134.txt","A+V-",30
"13224","meta_d",1.53802855857565,0.432987855394859,2.62880898225886,2.10487720138544,0.251344071410768,0.785502958579882,0.187869822485207,0.730697523619582,"Subject_11134.txt","A+V-",60
"13225","meta_d",3.31077243124089,2.20950464277491,4.40012431612144,2.02287044852298,0.563009740955554,0.75,0.0902366863905325,1.63667052116871,"Subject_11134.txt","A-V-",90
"13226","meta_d",0.989477108567712,0.0721066785784162,1.97058495477385,0.633897352325444,0.171827734951948,0.534023668639053,0.3125,1.56094216979741,"Subject_11134.txt","A-V-",30
"13227","meta_d",1.95932058383207,0.916666462101645,2.99062440729328,2.37553949449899,0.386675217967546,0.785502958579882,0.170118343195266,0.824789732340482,"Subject_11134.txt","A-V-",60
"13228","meta_d",1.40190498639279,0.279702604592198,2.44769648196927,1.83073017568563,1.11022302462516e-16,0.767692307692308,0.250769230769231,0.765762756856159,"Subject_11135.txt","A+V+",90
"13229","meta_d",1.08513725798577,0.109240258163517,2.08238327368537,1.04994729040378,-0.112510515760486,0.65018315018315,0.352307692307692,1.03351593732716,"Subject_11135.txt","A+V+",30
"13230","meta_d",2.06716013177009,1.03343927578523,3.13063332855363,2.49684936959263,0.306348909800539,0.785502958579882,0.152307692307692,0.827907424830899,"Subject_11135.txt","A+V+",60
"13231","meta_d",2.10862923115865,1.11233546687768,3.13631030140017,2.07917410730489,0.515186540944406,0.709230769230769,0.14,1.01416674233787,"Subject_11135.txt","A-V+",90
"13232","meta_d",1.01544180508907,0.0920479530418348,1.97027924481693,0.681711197318211,0.183544914048935,0.594551282051282,0.373846153846154,1.48954837339291,"Subject_11135.txt","A-V+",30
"13233","meta_d",2.42078586026869,1.38419074251516,3.44763185551948,2.59471889454099,0.739474684430895,0.747041420118343,0.0945512820512821,0.932966521098592,"Subject_11135.txt","A-V+",60
"13234","meta_d",1.14821217105558,0.149368010972226,2.07910502251303,1.75384346017113,0.657198814266983,0.61371237458194,0.229166666666667,0.654683383740271,"Subject_11135.txt","A+V-",90
"13235","meta_d",1.05973194811158,0.131336777724322,2.02575159285773,1.01317692382271,0.0178120507966856,0.639423076923077,0.352307692307692,1.04594955056144,"Subject_11135.txt","A+V-",30
"13236","meta_d",0.752410253359591,-0.241920265690934,1.71095660146901,1.42856786196778,0.340188520786165,0.61698717948718,0.318910256410256,0.526688492294084,"Subject_11135.txt","A+V-",60
"13237","meta_d",1.04912033272852,0.0651286973084817,2.07514402442911,1.6021890585639,0,0.726331360946746,0.309171597633136,0.654804329814162,"Subject_11135.txt","A-V-",90
"13238","meta_d",0.711435239843304,-0.285257797945386,1.64892112350204,1.18465634363009,0.17986504237364,0.598461538461538,0.315384615384615,0.600541451256053,"Subject_11135.txt","A-V-",30
"13239","meta_d",2.00186206378518,0.999538200308147,2.97806841153527,1.6459576914101,0.410515716263643,0.687692307692308,0.192307692307692,1.21622935646066,"Subject_11135.txt","A-V-",60
"13240","meta_d",2.0409816683611,1.04565097920659,3.02781823964707,1.47558427947803,0.0633023895429342,0.732248520710059,0.244082840236686,1.38316848230659,"Subject_11136.txt","A+V+",90
"13241","meta_d",0.426485494210765,-0.465513395279739,1.32483357346391,0.191158997434691,-0.147824679093286,0.531065088757396,0.453525641025641,2.2310511141725,"Subject_11136.txt","A+V+",30
"13242","meta_d",1.52451882460045,0.576183912961106,2.52601342037776,0.300403852169005,-0.0932022517261284,0.599112426035503,0.414335664335664,5.07489772049516,"Subject_11136.txt","A+V+",60
"13243","meta_d",1.63993361508927,0.601534659010392,2.70096292511401,2.32696680878554,0.391290190204084,0.730769230769231,0.195384615384615,0.704751614375266,"Subject_11136.txt","A-V+",90
"13244","meta_d",1.05809566060465,0.107047707722565,1.94224243381037,0.79252794618895,0.0521615102114595,0.631656804733728,0.38905325443787,1.33508940056025,"Subject_11136.txt","A-V+",30
"13245","meta_d",1.32084120379629,0.298441990115979,2.28588429106369,1.56163630921496,-0.106328404411397,0.751602564102564,0.326923076923077,0.845805899877088,"Subject_11136.txt","A-V+",60
"13246","meta_d",1.49746163763746,0.502757158405063,2.51601799077948,1.68824108830083,0.0430260148684629,0.661242603550296,0.213141025641026,0.886995138321516,"Subject_11136.txt","A+V-",90
"13247","meta_d",0.265165251634914,-0.627959148036097,1.19221574496252,0.587506640693647,-0.0503491425361922,0.616863905325444,0.483727810650888,0.451340007530542,"Subject_11136.txt","A+V-",30
"13248","meta_d",2.38388430833676,1.38134740900936,3.43633291365706,1.31939711359536,0.0494039466113457,0.761217948717949,0.282608695652174,1.80679818363455,"Subject_11136.txt","A+V-",60
"13249","meta_d",1.67433217016258,0.749155156252705,2.57196728758493,1.34823992177274,0.43071578307574,0.605029585798817,0.205621301775148,1.24186514812666,"Subject_11136.txt","A-V-",90
"13250","meta_d",0.786888157024902,-0.134010232707165,1.65486828140312,1.04449870709258,-0.278845175735659,0.68491124260355,0.442307692307692,0.753364414605402,"Subject_11136.txt","A-V-",30
"13251","meta_d",1.09123892832392,0.0885949099641967,2.13767370044057,1.62944753440986,-0.0425305530162468,0.687290969899666,0.293846153846154,0.669698720136539,"Subject_11136.txt","A-V-",60
"13252","meta_d",0.545549145140116,-0.594483097957442,1.59757621553494,2.20967148792422,0,0.744082840236686,0.306213017751479,0.24689151673519,"Subject_11137.txt","A+V+",90
"13253","meta_d",0.540070613648356,-0.379045542114782,1.42081099176164,0.412763821628825,0.351502852025186,0.513313609467456,0.430473372781065,1.30842526730458,"Subject_11137.txt","A+V+",30
"13254","meta_d",1.2073787019346,0.110415703653396,2.184385088805,3.01197760589083,0.563913027949638,0.658284023668639,0.18491124260355,0.400859123113401,"Subject_11137.txt","A+V+",60
"13255","meta_d",1.74925466569407,0.792158146692781,2.70323629400794,1.18547995280641,0.349335798592572,0.640532544378698,0.279585798816568,1.4755666357352,"Subject_11137.txt","A-V+",90
"13256","meta_d",0.944549428775339,0.0107898902360515,1.82973892750676,0.946215470492724,-0.327986794035588,0.628698224852071,0.394970414201183,0.99823925757997,"Subject_11137.txt","A-V+",30
"13257","meta_d",1.44109341961847,0.352429339122251,2.4848590248427,2.42775467391049,-0.298512249112433,0.797658862876254,0.293846153846154,0.593591039121442,"Subject_11137.txt","A-V+",60
"13258","meta_d",0.870091028503937,-0.064981175353399,1.79448323265188,1.14519699216497,-0.228496033199467,0.661242603550296,0.409763313609467,0.759774112625857,"Subject_11137.txt","A+V-",90
"13259","meta_d",0.259956142530506,-0.709959121860644,1.23715855167715,0.617499588008355,-0.0653456161935462,0.52724358974359,0.433431952662722,0.420981888212999,"Subject_11137.txt","A+V-",30
"13260","meta_d",0.803271287623116,-0.254200297034219,1.8399578424031,2.04691151895789,0.0813799844831674,0.702662721893491,0.303254437869822,0.392430879490127,"Subject_11137.txt","A+V-",60
"13261","meta_d",1.05972411903415,0.0864558804006181,2.03978550883098,1.35897929212155,-0.121604883221176,0.664201183431953,0.335798816568047,0.779794162558417,"Subject_11137.txt","A-V-",90
"13262","meta_d",0.559981298858863,-0.327762476263675,1.43968885494459,0.392325536438938,0.147939694663547,0.554733727810651,0.448224852071006,1.42733838827241,"Subject_11137.txt","A-V-",30
"13263","meta_d",-0.0190135880475818,-1.05128908136058,0.93228189416345,1.70658704436903,0.404868038878581,0.548816568047337,0.306089743589744,-0.011141294029108,"Subject_11137.txt","A-V-",60
"13264","meta_d",1.52616949453322,0.515443910508354,2.52889050726049,1.35188865404785,0.065649716837592,0.706730769230769,0.3125,1.12891656421817,"Subject_11138.txt","A+V+",90
"13265","meta_d",1.07451063097344,0.130217491403463,2.00078503618502,0.117739114418063,0.391874655406328,0.489966555183946,0.359531772575251,9.12619936275481,"Subject_11138.txt","A+V+",30
"13266","meta_d",0.0990275574622651,-0.794759032228195,1.06795947125405,-0.192601192777558,0.547044809004138,0.478461538461538,0.479933110367893,-0.514158588709447,"Subject_11138.txt","A+V+",60
"13267","meta_d",0.365491895432217,-0.703701135260823,1.44410203602716,1.82467588632288,-0.0550836229402615,0.653846153846154,0.339464882943144,0.200305105236395,"Subject_11138.txt","A-V+",90
"13268","meta_d",0.850788656187819,-0.0867127666839276,1.78972927514812,0.54102159149061,0.218265615369364,0.517628205128205,0.376602564102564,1.57255952362963,"Subject_11138.txt","A-V+",30
"13269","meta_d",1.47702826017085,0.492813992968472,2.46944750481669,0.691784606501386,0.104851909364666,0.642857142857143,0.359531772575251,2.1350984776038,"Subject_11138.txt","A-V+",60
"13270","meta_d",1.17222785534021,0.174593895349581,2.14208850729708,1.43976560055085,0.195482287567387,0.653846153846154,0.312307692307692,0.814179651807013,"Subject_11138.txt","A+V-",90
"13271","meta_d",0.734244097514309,-0.242535410416976,1.69538364126054,0.231809680716089,0.172904514716419,0.515734265734266,0.407342657342657,3.16744363413183,"Subject_11138.txt","A+V-",30
"13272","meta_d",1.81043948177473,0.850602197216525,2.70809961910083,1.44890361331426,0.579330865446356,0.631656804733728,0.199704142011834,1.24952375378061,"Subject_11138.txt","A+V-",60
"13273","meta_d",1.79419889113975,0.78040113557961,2.68442070902591,0.421616394960431,0.00891471833836452,0.595384615384615,0.342809364548495,4.25552448288483,"Subject_11138.txt","A-V-",90
"13274","meta_d",0.500601710352094,-0.50761240983858,1.54763999480972,0.559679757850402,-0.0387994850391742,0.536538461538462,0.412087912087912,0.894443122750744,"Subject_11138.txt","A-V-",30
"13275","meta_d",1.19876012512068,0.18294359965737,2.16046605834703,0.341054535450404,-0.118282087349262,0.652097902097902,0.456730769230769,3.51486346175567,"Subject_11138.txt","A-V-",60
"13276","meta_d",2.02914225314303,1.01271922004056,2.98073342846277,1.77932549415819,0.215172996883014,0.699704142011834,0.17603550295858,1.14039969629223,"Subject_11139.txt","A+V+",90
"13277","meta_d",1.54162382034593,0.634756632763249,2.45199812193814,0.959714802751336,0.624978342586442,0.628698224852071,0.31508875739645,1.60633535705228,"Subject_11139.txt","A+V+",30
"13278","meta_d",1.15744465975688,0.125306898353465,2.23048204125866,2.24585844709926,0.180853448553856,0.773668639053254,0.294378698224852,0.515368482484649,"Subject_11139.txt","A+V+",60
"13279","meta_d",3.00528857052744,1.94115911518716,4.06410227727643,1.85251255500364,0.154063063313136,0.804615384615385,0.183076923076923,1.62227703256863,"Subject_11139.txt","A-V+",90
"13280","meta_d",0.606791569394728,-0.347309063546079,1.52167656376422,1.54718684991412,0.530189247146428,0.640532544378698,0.386094674556213,0.392190231857522,"Subject_11139.txt","A-V+",30
"13281","meta_d",2.01024938678246,0.977403906944157,3.01517151667227,1.66272050680171,0.273475490561256,0.764792899408284,0.229289940828402,1.20901220533404,"Subject_11139.txt","A-V+",60
"13282","meta_d",1.59896925694465,0.592425938272877,2.56265902331605,2.13232972805664,0.508280101188722,0.708579881656805,0.18491124260355,0.749869607831205,"Subject_11139.txt","A+V-",90
"13283","meta_d",-0.0614999056919973,-0.979085255139321,0.825817998167871,1.15305881751803,0.528306335203094,0.516272189349112,0.412721893491124,-0.0533363127341381,"Subject_11139.txt","A+V-",30
"13284","meta_d",0.550952405640903,-0.374103116910248,1.44023907184537,1.08719671620655,0.398477416892501,0.593195266272189,0.362426035502959,0.50676422898267,"Subject_11139.txt","A+V-",60
"13285","meta_d",1.62285966716963,0.72595736596375,2.49983970199794,0.893852701439854,0.495149424275849,0.584319526627219,0.264792899408284,1.81557841080019,"Subject_11139.txt","A-V-",90
"13286","meta_d",0.945839312937178,0.131733838293207,1.7118863308778,1.23034250233403,0.959273714050029,0.53698224852071,0.321005917159763,0.768760984151055,"Subject_11139.txt","A-V-",30
"13287","meta_d",1.90417797462111,0.938815348556845,2.78104283983529,1.24995668517288,0.479857401375668,0.616863905325444,0.229289940828402,1.52339516817556,"Subject_11139.txt","A-V-",60
"13288","meta_d",1.06806992771945,0.159489698336788,1.97852226578192,2.15418263114329,0.976657595060176,0.687692307692308,0.296923076923077,0.495812152729404,"Subject_11140.txt","A+V+",90
"13289","meta_d",1.61431885376881,0.695032759605967,2.6600490361636,0.465908799587007,0.342154881484935,0.590301003344482,0.352842809364548,3.46488165752564,"Subject_11140.txt","A+V+",30
"13290","meta_d",1.43381582053677,0.469783049586224,2.38007984413325,1.53412054435255,0.767060272176273,0.6438127090301,0.290064102564103,0.934617443078367,"Subject_11140.txt","A+V+",60
"13291","meta_d",1.25475978193802,0.359523836883949,2.24195478857211,1.35200574565941,0.627779799273782,0.640532544378698,0.335798816568047,0.928072817712801,"Subject_11140.txt","A-V+",90
"13292","meta_d",0.325657969619648,-0.640191764466473,1.23843588527352,1.39047441333927,0.562924354393463,0.568825910931174,0.350961538461538,0.234206373375523,"Subject_11140.txt","A-V+",30
"13293","meta_d",0.841738798694842,-0.0859504421150879,1.77841984102313,1.10085087645293,0.707736122836634,0.565705128205128,0.334935897435897,0.764625633407338,"Subject_11140.txt","A-V+",60
"13294","meta_d",1.00575062358906,0.186400278938407,1.82115204544289,0.959680209220471,0.823942567493251,0.566568047337278,0.32396449704142,1.04800600650712,"Subject_11140.txt","A+V-",90
"13295","meta_d",0.343378631629765,-0.674460491742916,1.35432560816823,0.888201268872449,0.381393856493011,0.582692307692308,0.410839160839161,0.386600023737498,"Subject_11140.txt","A+V-",30
"13296","meta_d",0.857616414034858,0.031673434507012,1.72432740617905,2.02167875733913,1.05906245222549,0.613905325443787,0.332840236686391,0.424210033825367,"Subject_11140.txt","A+V-",60
"13297","meta_d",1.54865116114564,0.756523210615943,2.36208792957293,1.39541208069897,1.37219579054557,0.560650887573965,0.297337278106509,1.10981636361491,"Subject_11140.txt","A-V-",90
"13298","meta_d",0.628797716889717,-0.23364659781326,1.48598031696584,1.55654833995027,1.27547474065669,0.536630036630037,0.370769230769231,0.403969283029017,"Subject_11140.txt","A-V-",30
"13299","meta_d",0.494642084569722,-0.295970346845313,1.36666232694064,1.33104078740641,0.908924571513837,0.605029585798817,0.400887573964497,0.3716205312788,"Subject_11140.txt","A-V-",60
"13300","meta_d",1.75881167269678,0.716145429815915,2.92245168720651,2.20023733605887,0.15804289303366,0.764792899408284,0.168269230769231,0.799373614778857,"Subject_11141.txt","A+V+",90
"13301","meta_d",1.20127041593045,0.245497277643096,2.10597852438221,1.18547995280641,0.349335798592572,0.560650887573965,0.223372781065089,1.01331989046855,"Subject_11141.txt","A+V+",30
"13302","meta_d",1.66373579713066,0.513821949506089,2.68439173672186,1.95604131574068,0.30353090767426,0.690559440559441,0.186153846153846,0.850562707312072,"Subject_11141.txt","A+V+",60
"13303","meta_d",2.53834266273911,1.48757939670784,3.6597506490824,2.67928070917915,0.234804610627466,0.829881656804734,0.125739644970414,0.947397058487677,"Subject_11141.txt","A-V+",90
"13304","meta_d",0.328798976142112,-0.640816714393811,1.29209326088294,1.14519699216497,0.228496033199467,0.596153846153846,0.318047337278107,0.287111281632452,"Subject_11141.txt","A-V+",30
"13305","meta_d",2.23988778549885,1.12913653833135,3.34108775289137,2.36187090635956,0.100616112364822,0.816923076923077,0.176923076923077,0.948353180297766,"Subject_11141.txt","A-V+",60
"13306","meta_d",2.14590452858626,1.09814026343321,3.16685277764061,1.47558427947803,-0.0633023895429342,0.794378698224852,0.267751479289941,1.45427445821349,"Subject_11141.txt","A+V-",90
"13307","meta_d",1.70859832639073,0.666752657570323,2.6754831937793,1.68824108830083,0.0430260148684629,0.75887573964497,0.251602564102564,1.0120582529539,"Subject_11141.txt","A+V-",30
"13308","meta_d",2.19185784238498,0.986948087390727,3.34878127714597,3.17473757485716,-0.48253304346647,0.918639053254438,0.178994082840237,0.690405991267985,"Subject_11141.txt","A+V-",60
"13309","meta_d",2.07751629972667,1.08505406493078,3.05855461857801,1.24952001258788,-0.176334522988008,0.752958579881657,0.31508875739645,1.66265148120671,"Subject_11141.txt","A-V-",90
"13310","meta_d",1.51077572529345,0.549737758578241,2.43384095996986,1.35897929212155,-0.121604883221176,0.738165680473373,0.32396449704142,1.11169885667274,"Subject_11141.txt","A-V-",30
"13311","meta_d",1.54094613329262,0.554917441425895,2.58174734586279,1.47558427947803,0.0633023895429342,0.744082840236686,0.264792899408284,1.04429557479273,"Subject_11141.txt","A-V-",60
"13312","meta_d",1.81691425202325,0.784290425174465,2.85753607407921,1.47558427947803,0.0633023895429342,0.761834319526627,0.261834319526627,1.23131852059711,"Subject_11142.txt","A+V+",90
"13313","meta_d",0.726954232007888,-0.225923320995854,1.58235104628005,0.819610691406856,0.264684404492654,0.557692307692308,0.341715976331361,0.886950645751188,"Subject_11142.txt","A+V+",30
"13314","meta_d",0.893366007315827,-0.105131127819098,1.86528578843252,2.13232972805664,0.508280101188722,0.646449704142012,0.187869822485207,0.418962412595552,"Subject_11142.txt","A+V+",60
"13315","meta_d",1.17825581886936,0.0130589031717944,2.2068968766392,2.19092923112236,0.208318056542305,0.703525641025641,0.226331360946746,0.537788168660184,"Subject_11142.txt","A-V+",90
"13316","meta_d",1.33291421677037,0.387061616720314,2.2547123344371,1.0185922130791,-0.165193643656533,0.708579881656805,0.38905325443787,1.30858473062651,"Subject_11142.txt","A-V+",30
"13317","meta_d",0.958775863235853,0.00185595822657961,1.82905712754686,1.12291523350202,0.113032133445074,0.661242603550296,0.344674556213018,0.853827461442246,"Subject_11142.txt","A-V+",60
"13318","meta_d",2.60558055493397,1.57770136363867,3.57995062153041,1.24952001258788,0.176334522988008,0.75,0.244082840236686,2.08526516477119,"Subject_11142.txt","A+V-",90
"13319","meta_d",0.857982583378755,-0.047878361560184,1.78378172757693,0.917893928006713,0.215542786192725,0.575443786982249,0.329881656804734,0.93472955556198,"Subject_11142.txt","A+V-",30
"13320","meta_d",0.933576120015912,-0.026764172614562,1.85716702490283,0.896850966611869,2.77555756156289e-17,0.619822485207101,0.353550295857988,1.0409490035371,"Subject_11142.txt","A+V-",60
"13321","meta_d",0.888151600934963,-0.0914255224560906,1.86488103073306,1.90593027324406,0.15187060734008,0.661242603550296,0.261834319526627,0.465993752973581,"Subject_11142.txt","A-V-",90
"13322","meta_d",0.339820950130982,-0.563690570521682,1.30957054615607,1.14519699216497,-0.228496033199467,0.661242603550296,0.415680473372781,0.296735803932351,"Subject_11142.txt","A-V-",30
"13323","meta_d",0.661438536801826,-0.24067485197546,1.62555869959904,1.6478851349865,0.479840104610236,0.613905325443787,0.279585798816568,0.401386311921094,"Subject_11142.txt","A-V-",60
"13324","meta_d",1.75632659716001,0.677902136954551,2.79996967070462,1.68824108830083,-0.0430260148684629,0.75801282051282,0.232248520710059,1.04032925707768,"Subject_43336.txt","A+V+",90
"13325","meta_d",0.0247491766691654,-0.816918656155553,0.881952174293506,0.104323020422919,0.396263973094475,0.427514792899408,0.394970414201183,0.237236005714116,"Subject_43336.txt","A+V+",30
"13326","meta_d",1.08835442845288,0.0872555756503576,2.14803911886263,1.60226355419344,0.226022495818281,0.647157190635452,0.209030100334448,0.679260553361803,"Subject_43336.txt","A+V+",60
"13327","meta_d",1.596178689901,0.568100947373463,2.61577922732423,1.68366981885729,0.10024086556713,0.748397435897436,0.238165680473373,0.948035459223428,"Subject_43336.txt","A-V+",90
"13328","meta_d",0.507938752082155,-0.436598091914641,1.38707920650065,0.48922340409379,0.0994907608361208,0.539940828402367,0.374260355029586,1.03825521802873,"Subject_43336.txt","A-V+",30
"13329","meta_d",0.837841911912837,-0.142400482322386,1.85417836948651,1.55237038518211,0.165890582404722,0.690705128205128,0.318047337278107,0.539717788944131,"Subject_43336.txt","A-V+",60
"13330","meta_d",0.541875018261858,-0.407123227146644,1.41305384415253,0.198981521672242,0.244611702046895,0.477810650887574,0.38905325443787,2.72324291073833,"Subject_43336.txt","A+V-",90
"13331","meta_d",0.916804416319934,-0.0210954234037537,1.82545725399728,0.915365087842814,0.457682543921407,0.58,0.278461538461538,1.00157240919086,"Subject_43336.txt","A+V-",30
"13332","meta_d",1.56374218289123,0.606530865765702,2.49233742637205,1.35897929212155,-0.121604883221176,0.732248520710059,0.300295857988166,1.1506740330458,"Subject_43336.txt","A+V-",60
"13333","meta_d",0.68426188797471,-0.415862884465717,1.74064746718182,1.88415154999155,2.22044604925031e-16,0.702662721893491,0.211538461538462,0.363167117834963,"Subject_43336.txt","A-V-",90
"13334","meta_d",0.581036928632287,-0.453208614154698,1.56048024544578,1.19233825647688,-0.145424915623079,0.703525641025641,0.38628762541806,0.487308803081717,"Subject_43336.txt","A-V-",30
"13335","meta_d",1.10535338898014,0.177463264126739,1.96767565107904,0.412763821628825,0.351502852025186,0.522189349112426,0.321005917159763,2.67793186093261,"Subject_43336.txt","A-V-",60
"13336","meta_d",0.806554581328529,-0.153925212678027,1.73469069531978,2.02287044852298,0.563009740955554,0.605029585798817,0.229289940828402,0.398717862489634,"Subject_47203.txt","A+V+",90
"13337","meta_d",1.11237700169692,0.259268693239285,1.95312402344875,1.05661267040619,0.576529408759016,0.563609467455621,0.273668639053254,1.05277651201106,"Subject_47203.txt","A+V+",30
"13338","meta_d",0.902661140140355,-0.0277614252989717,1.87525499964987,1.14519699216497,0.228496033199467,0.652366863905325,0.347633136094675,0.788214731889836,"Subject_47203.txt","A+V+",60
"13339","meta_d",2.00223305616426,1.09629871583449,3.00409913040315,2.31330600870568,0.91324882654221,0.649408284023669,0.167159763313609,0.865528835627123,"Subject_47203.txt","A-V+",90
"13340","meta_d",0.890309343022247,0.0731449651470832,1.77430950492363,0.760733281079095,0.724469103422563,0.483727810650888,0.276627218934911,1.17033047608927,"Subject_47203.txt","A-V+",30
"13341","meta_d",1.43849303977672,0.415692550007541,2.35457174690558,1.6021890585639,0,0.711538461538461,0.282544378698225,0.897829773638631,"Subject_47203.txt","A-V+",60
"13342","meta_d",0.528019666930963,-0.312106969701734,1.37903806225578,1.35200574565941,0.627779799273782,0.54585798816568,0.291420118343195,0.390545431205571,"Subject_47203.txt","A+V-",90
"13343","meta_d",1.25660777040284,0.374195372513367,2.23019436160626,1.28617823787879,0.29898665605638,0.607988165680473,0.276627218934911,0.977009043843938,"Subject_47203.txt","A+V-",30
"13344","meta_d",1.15670532000813,0.2799736397472,2.13388745906465,1.54718684991412,0.530189247146428,0.590236686390533,0.238165680473373,0.747618375939749,"Subject_47203.txt","A+V-",60
"13345","meta_d",1.37307087277788,0.573171878260446,2.17902507730329,0.745897909263888,0.930833717471543,0.457100591715976,0.244082840236686,1.84082949653651,"Subject_47203.txt","A-V-",90
"13346","meta_d",1.36066470843153,0.46597035419547,2.30454576693946,0.62626667664016,0.361356411876002,0.599112426035503,0.368343195266272,2.17266024073214,"Subject_47203.txt","A-V-",30
"13347","meta_d",1.16406412486943,0.256219604409716,2.12656737102313,1.6478851349865,0.479840104610236,0.655325443786982,0.270710059171598,0.706398826080168,"Subject_47203.txt","A-V-",60
"13348","meta_d",2.09746199078179,1.04338323384777,3.12946425815123,1.57328774347063,0.0144506575466326,0.770769230769231,0.25,1.33317125203991,"Subject_47284.txt","A+V+",90
"13349","meta_d",0.944347888655049,-0.0788443334322209,1.87397502978182,1.23350301611706,-0.0923509953504917,0.6438127090301,0.361538461538462,0.76558214800946,"Subject_47284.txt","A+V+",30
"13350","meta_d",2.06683949847388,1.01615919191052,3.10242607296309,1.6021890585639,0,0.779585798816568,0.229289940828402,1.29000974474664,"Subject_47284.txt","A+V+",60
"13351","meta_d",1.97249671817123,1.00090689178935,2.87213564234573,1.08719671620655,0.398477416892501,0.664201183431953,0.252958579881657,1.81429605955183,"Subject_47284.txt","A-V+",90
"13352","meta_d",0.833570286722413,-0.150554598672738,1.85270587818621,1.74317030427773,-0.0704906228569128,0.729289940828402,0.377218934911243,0.478192110476434,"Subject_47284.txt","A-V+",30
"13353","meta_d",1.31773064223834,0.269573528614497,2.26171041774554,1.35897929212155,-0.121604883221176,0.755917159763314,0.335798816568047,0.969647330079022,"Subject_47284.txt","A-V+",60
"13354","meta_d",1.2409523928495,0.249217406085109,2.22497523105234,1.49996053783537,0.192095506078089,0.655325443786982,0.255917159763314,0.827323360546767,"Subject_47284.txt","A+V-",90
"13355","meta_d",1.59772431530845,0.575727035078167,2.66738681407407,1.55871049323573,0.136009841224949,0.755384615384615,0.272307692307692,1.02502954990168,"Subject_47284.txt","A+V-",30
"13356","meta_d",1.86046196359202,0.857805884421882,2.87265741726678,1.88415154999155,2.22044604925031e-16,0.755917159763314,0.226331360946746,0.987426920939753,"Subject_47284.txt","A+V-",60
"13357","meta_d",2.07314870699198,1.10917532582896,2.99090488481867,1.54718684991412,0.530189247146428,0.643491124260355,0.155325443786982,1.33994721265053,"Subject_47284.txt","A-V-",90
"13358","meta_d",1.69108916480233,0.677644392358107,2.66068877198167,1.35897929212155,-0.121604883221176,0.782544378698225,0.341715976331361,1.24438184938221,"Subject_47284.txt","A-V-",30
"13359","meta_d",2.33141731626673,1.36482574201992,3.25611766138073,1.23237451303568,0.0583024936782415,0.723372781065089,0.247041420118343,1.89180909829415,"Subject_47284.txt","A-V-",60
"13360","meta_d",2.18595304728165,1.05338072702725,3.20076390528298,3.17473757485716,0.48253304346647,0.794378698224852,0.107988165680473,0.688546059552656,"Subject_47617.txt","A+V+",90
"13361","meta_d",1.66603022522974,0.649562780170039,2.70068309513235,1.97827242229957,0.314646460953702,0.68491124260355,0.178994082840237,0.842164206734037,"Subject_47617.txt","A+V+",30
"13362","meta_d",2.18827663112884,1.13944142861772,3.18672540436843,1.77932549415819,0.215172996883014,0.738165680473373,0.161242603550296,1.22983492245421,"Subject_47617.txt","A+V+",60
"13363","meta_d",2.6827080054912,1.64000660769011,3.6812402801428,1.55871049323573,-0.136009841224949,0.795384615384615,0.241538461538462,1.72110729807314,"Subject_47617.txt","A-V+",90
"13364","meta_d",2.41787965220632,1.41774985397061,3.48853694103525,2.24893471541312,0.44997760751048,0.776627218934911,0.161242603550296,1.07512220592057,"Subject_47617.txt","A-V+",30
"13365","meta_d",1.70297438267869,0.71049694432353,2.74076083728642,1.61656552519186,0.133793012399847,0.729289940828402,0.244082840236686,1.0534521218845,"Subject_47617.txt","A-V+",60
"13366","meta_d",1.92784671861853,0.796956985720184,3.06972998898994,2.87822763732053,-0.135331146556778,0.856508875739645,0.199704142011834,0.669803421251715,"Subject_47617.txt","A+V-",90
"13367","meta_d",1.55711273266951,0.610048803178836,2.49594953426217,1.28617823787879,0.29898665605638,0.681952662721893,0.279585798816568,1.21065081558024,"Subject_47617.txt","A+V-",30
"13368","meta_d",1.63839267704179,0.552469513533207,2.63135061870609,1.85251255500364,-0.154063063313136,0.770769230769231,0.269230769230769,0.884416503745945,"Subject_47617.txt","A+V-",60
"13369","meta_d",2.30298701989185,1.20715680652036,3.28282855595693,2.37553949449899,0.386675217967546,0.779585798816568,0.146449704142012,0.969458527304998,"Subject_47617.txt","A-V-",90
"13370","meta_d",1.44359506596663,0.429683849913952,2.36563690823567,1.35897929212155,0.121604883221176,0.673076923076923,0.267751479289941,1.06226421133539,"Subject_47617.txt","A-V-",30
"13371","meta_d",1.3060982907791,0.158866857215588,2.43226155325199,2.87822763732053,0.135331146556778,0.770710059171598,0.178994082840237,0.453785612313487,"Subject_47617.txt","A-V-",60
